{
  "hash": "e0ebbecf",
  "configHash": "ac8d5b86",
  "lockfileHash": "b3c9e84e",
  "browserHash": "f69abc12",
  "optimized": {
    "react/jsx-dev-runtime": {
      "src": "../../node_modules/react/jsx-dev-runtime.js",
      "file": "react_jsx-dev-runtime.js",
      "fileHash": "7631fdfb",
      "needsInterop": true
    },
    "react": {
      "src": "../../node_modules/react/index.js",
      "file": "react.js",
      "fileHash": "87ab8801",
      "needsInterop": true
    },
    "react-dom/client": {
      "src": "../../node_modules/react-dom/client.js",
      "file": "react-dom_client.js",
      "fileHash": "da11c579",
      "needsInterop": true
    }
  },
  "chunks": {
    "chunk-XFZ2DVVZ": {
      "file": "chunk-XFZ2DVVZ.js"
    }
  }
}